Influencer Name,User ID,Platform,Country,Hashtags,Influencer Profile,Followers,Total Videos,Recent 30 Videos' Views,Recent 30 Videos' Likes,Recent 30 Videos' Comments,Titles of Last 10 Videos,Profile of the Last 10 Videos
ParentingPro_03,user_1203,TikTok,United Kingdom,"#EarlyParenting, #BabyJourney, #ParentingWins, #ChildRearing, #FamilyMoments",Sharing the joys and challenges of early parenting.,160k,275,2.9m,81k,3.9k,"Handling Toddler Tantrums, Baby Sign Language, First Foods for Babies, New Parent Support Groups, Nursery Room Ideas, Diaper Changing Tricks, Child Vaccination Schedule, Reading to Infants, Outdoor Safety for Kids, Parent-Child Bonding Activities","Practical tips on managing toddler tantrums, teaching baby sign language, introducing solid foods, finding support as a new parent, creative nursery room decoration, diaper changing techniques, vaccination guide for children, benefits of reading to infants, ensuring safety during outdoor activities, ideas for bonding with your child."
BabyCareGuru_04,user_1204,YouTube,Canada,"#InfantCare, #Motherhood, #BabyHealth, #NewbornTips, #ParentingGuide",Expert advice on newborn care and maternal health.,140k,260,2.6m,75k,3.5k,"Breastfeeding Essentials, Soothing a Crying Baby, Postpartum Fitness, Baby's Sleep Schedule, Newborn Bathing Safety, Choosing the Right Formula, Developmental Milestones, Creating a Baby-friendly Home, Mother-Baby Bonding, Handling Common Illnesses","Guidance on breastfeeding, techniques to soothe crying infants, postpartum fitness advice, establishing a sleep routine for babies, safe bathing practices, choosing baby formula, understanding developmental milestones, tips for baby-proofing your home, nurturing mother-baby relationships, managing common infant illnesses."
NewMomDiaries_05,user_1205,TikTok,Australia,"#NewMomLife, #BabyCareTips, #PostpartumJourney, #FirstYearMoments, #BabySmiles",A new mom's diary sharing day-to-day experiences and learnings.,150k,290,2.7m,80k,4.0k,"First Time Parenting, Baby Nutrition Guide, Choosing Baby Apparel, Infant Toy Selection, Baby's First Foods, Celebrating Baby Milestones, Mom's Self Care, Home Safety for Toddlers, Balancing Work and Parenting, Fun with Baby Activities","Personal experiences as a first-time parent, advice on baby nutrition, selecting appropriate baby clothes, choosing safe toys for infants, introducing solid foods, celebrating key milestones in baby's first year, tips for mom's self-care, ensuring home safety for active toddlers, balancing professional life with parenting, engaging and fun activities to do with your baby."
FitChampion_101,user_2101,YouTube,United States,"#WorkoutGoals, #OutdoorAdventures, #FitnessJunkie, #HealthyLiving, #SportsMania",Bringing you the best in fitness training and outdoor sports.,200k,350,3.5m,110k,5k,"Marathon Training Tips, CrossFit Workouts, Yoga for Athletes, Mountain Biking Trails, Swimming Techniques, Strength Training Basics, Rock Climbing Essentials, Triathlon Preparation, Home Gym Setup, Healthy Diet Plans","Expert advice on marathon training, CrossFit routines, integrating yoga into sports training, exploring mountain biking, mastering swimming strokes, foundational strength training, rock climbing for beginners, triathlon training strategies, setting up a home gym, crafting nutritious diet plans."
YogaSpirit_102,user_2102,TikTok,Canada,"#YogaLife, #FitnessMotivation, #MindBodySoul, #WellnessJourney, #OutdoorYoga",Inspiring a balanced life through yoga and wellness.,180k,300,3.0m,90k,4.5k,"Morning Yoga Routines, Meditation Techniques, Yoga for Stress Relief, Advanced Yoga Poses, Yoga Retreat Experiences, Pranayama Breathwork, Yoga for Beginners, Mindfulness Practices, Yoga in Nature, Yoga Diet Tips","Guided morning yoga sequences, various meditation methods, using yoga to manage stress, tutorials on advanced yoga poses, experiences from yoga retreats, teaching pranayama techniques, introductory yoga sessions, exercises in mindfulness, practicing yoga outdoors, dietary advice for yogis."
TrailExplorer_103,user_2103,YouTube,Australia,"#HikingAdventures, #TrailRunning, #OutdoorFitness, #NatureLover, #ExploreOutdoors",Your guide to exploring the great outdoors and staying fit.,220k,380,4.2m,120k,6k,"Best Hiking Trails, Trail Running Gear, Wilderness Survival Tips, Outdoor Camping Hacks, Fitness Tracking Apps, Eco-Friendly Outdoor Activities, Wildlife Safety, Nature Photography, Environmental Conservation, Off-Trail Explorations","Reviews of top hiking trails, recommendations for trail running equipment, tips for surviving in the wilderness, clever camping hacks, using fitness tracking apps, engaging in eco-friendly outdoor activities, ensuring safety around wildlife, capturing nature through photography, promoting environmental conservation, adventures in off-trail exploration."
EduMaster_201,user_3101,YouTube,United States,"#LearningIsFun, #StudyTips, #EducationalTech, #CareerDevelopment, #SkillBuilding",Empowering learners with innovative educational techniques and career advice.,190k,280,3.2m,100k,4.5k,"Effective Study Methods, E-Learning Tools, Time Management Skills, Professional Growth Strategies, Online Course Reviews, Creative Learning Techniques, Student Motivation, Language Learning Tips, Exam Preparation Guides, Resume Building","Guides on efficient study habits, reviews of e-learning platforms, developing time management skills, strategies for professional growth, evaluations of online courses, creative methods for enhancing learning, motivational tips for students, advice on learning new languages, comprehensive exam preparation, and resume writing skills."
SkillBuilder_202,user_3102,TikTok,United Kingdom,"#LearnEveryDay, #TrainingGuru, #EducationMatters, #SkillsForLife, #ContinuousLearning",Focusing on skill development and continuous learning for all ages.,160k,260,2.8m,85k,3.8k,"Soft Skills Training, Coding for Beginners, Career Coaching, Public Speaking Tips, Digital Literacy, Financial Literacy Basics, Personal Development Workshops, Leadership Skills, Online Learning Platforms, Creative Writing Techniques","Soft skill enhancement strategies, basics of coding, guidance for career progression, mastering public speaking, becoming digitally literate, understanding financial basics, workshops for personal growth, developing leadership qualities, navigating online learning platforms, and improving creative writing."
TheLearningCoach_203,user_3103,YouTube,Canada,"#EducationForAll, #LifelongLearning, #AcademicExcellence, #TrainingExperts, #KnowledgeSharing",Dedicated to promoting academic excellence and lifelong learning.,175k,300,3.0m,90k,4.2k,"Advanced Mathematics Tutorials, Science Experiments at Home, History Documentaries, Philosophy Discussions, Literature Analysis, Art History Lessons, Educational Psychology, World Geography Quizzes, Classroom Management Tips, Educational Policy Debates","In-depth mathematics tutorials, conducting science experiments, exploring historical events, philosophical discussions, analyses of classic literature, lessons on art history, insights into educational psychology, interactive geography quizzes, strategies for managing classrooms, and engaging in educational policy discussions."
PetWhisperer_301,user_4101,YouTube,Australia,"#PetLove, #AnimalCare, #HappyPets, #PetTraining, #FurryFriends",Dedicated to enriching the lives of pets and their owners.,210k,320,3.6m,105k,4.7k,"Dog Training Basics, Cat Nutrition Tips, Aquarium Maintenance, Bird Care Guide, Pet Grooming Techniques, Exotic Pets 101, Pet Behavior Analysis, Animal Rescue Stories, Pet-Friendly Home Ideas, Wildlife Conservation Efforts","Essential dog training tips, nutritional advice for cats, maintaining healthy aquariums, caring for pet birds, grooming techniques for pets, introductory guide to exotic pets, understanding pet behaviors, inspiring animal rescue tales, creating a pet-friendly living space, and promoting wildlife conservation."
FelineFriends_302,user_4102,TikTok,United States,"#CatLovers, #MeowMoments, #KittyCare, #FelineFun, #CatHealth",Celebrating the joy and quirks of feline companions.,185k,290,3.1m,95k,4.1k,"Indoor Cat Enrichment, Adopting Shelter Cats, Managing Cat Allergies, Cat Training Tricks, Senior Cat Care, Cat Diet and Nutrition, DIY Cat Toys, Understanding Cat Behaviors, Preventing Cat Scratching, Feline First Aid","Ideas for enriching indoor cat environments, adopting and caring for shelter cats, tips for managing allergies, training techniques for cats, caring for elderly cats, nutritional guidance for cats, creating homemade cat toys, interpreting feline behaviors, preventing unwanted scratching, and basic first aid for cats."
CanineCompanion_303,user_4103,YouTube,United Kingdom,"#DogLife, #PuppyLove, #CanineCare, #DogTraining, #ManBestFriend",All about fostering a great relationship between dogs and their owners.,200k,310,3.4m,100k,4.5k,"Puppy House Training, Best Dog Breeds for Families, Dog Exercise Routines, Grooming Your Dog, Canine Health Checkups, Understanding Dog Emotions, Dog Park Etiquette, Adventure with Your Dog, Training Older Dogs, Homemade Dog Treats","Effective house training for puppies, choosing the right dog breed for families, daily exercise routines for dogs, tips for grooming dogs, routine health checkups, understanding and responding to dog emotions, appropriate behavior at dog parks, planning outdoor adventures with dogs, training techniques for older dogs, and recipes for homemade dog treats."
GlobeTrekker_401,user_5101,YouTube,United States,"#WorldExplorer, #TravelDiaries, #AdventureSeeker, #CulturalJourneys, #Wanderlust",Exploring the globe and sharing unique cultural experiences.,250k,360,4.5m,130k,5.2k,"Hidden Gems in Europe, Backpacking Through Asia, Eco-Friendly Travel Tips, Local Cuisine Adventures, Historic Sites Tour, Experiencing Festivals Worldwide, Desert Exploration, Travel Photography Tips, Budget Travel Hacks, Island Hopping Guide","Discovering lesser-known destinations in Europe, backpacking guides for Asia, tips for eco-friendly traveling, exploring local cuisines, tours of historical landmarks, experiencing global festivals, adventures in various deserts, advice on travel photography, how to travel on a budget, and guides to island hopping."
CityScapeAdventurer_402,user_5102,TikTok,Canada,"#CityTravel, #UrbanExploration, #MetropolitanLife, #CityGuides, #UrbanAdventures",Delving into the heart of cities and uncovering urban treasures.,180k,280,3.0m,90k,4.0k,"Top 10 City Skylines, Street Food Trails, Urban Art Walks, City Nightlife Guide, Historic Urban Centers, Best City Parks, Urban Hiking Trails, Public Transport Tips, City Cycling Tours, Coffee Shops to Visit","Rankings of the best city skylines, guides to street food, tours of urban art scenes, exploring city nightlife, history of urban centers, recommendations for city parks, hiking in urban environments, navigating public transportation, cycling routes in cities, and top coffee shops in various cities."
SeasideVoyager_403,user_5103,YouTube,Australia,"#BeachLife, #CoastalTrips, #OceanLovers, #SeasideAdventures, #SandyBeaches",Capturing the essence of coastal life and seaside adventures.,220k,340,4.0m,115k,5.0k,"Best Beach Destinations, Coastal Hiking Trails, Seafood Cuisine Delights, Ocean Conservation Efforts, Surfing Hotspots, Coastal Photography Spots, Beach Camping Tips, Maritime Museums, Lighthouse Tours, Coastal Road Trips","Exploring top beach destinations, hiking along scenic coastal trails, enjoying various seafood cuisines, participating in ocean conservation, surfing at renowned spots, best locations for coastal photography, tips for camping on beaches, tours of maritime museums, visiting famous lighthouses, and planning road trips along the coast."
TechSavvy_501,user_6101,YouTube,United States,"#AppReviews, #SoftwareSolutions, #TechTrends, #DigitalInnovation, #AppDevelopment",Covering the latest trends in software and app development.,230k,380,4.7m,140k,5.5k,"Top Mobile Apps of the Year, AI in Software Development, Cloud Computing Basics, Project Management Tools, VR App Experiences, Cybersecurity Software, Productivity Apps, Gaming Software Trends, UX/UI Design Tips, Blockchain Applications","Reviews of leading mobile apps, the role of AI in software development, fundamentals of cloud computing, overview of project management tools, exploring VR applications, understanding cybersecurity software, top productivity applications, trends in gaming software, guidance on UX/UI design, exploring blockchain technology in apps."
AppWizard_502,user_6102,TikTok,India,"#MobileApps, #TechGadgets, #AppDesign, #DigitalTools, #SoftwareTips",Exploring innovative mobile apps and digital tools.,195k,300,3.3m,120k,4.8k,"Budgeting App Reviews, Fitness Tracking Apps, Photo Editing Software, Task Management Tools, Educational App Guide, Social Media Apps, Music Streaming Services, Video Conferencing Tools, Note-Taking Apps, Mobile Gaming Favorites","Reviewing various budgeting apps, exploring fitness tracking applications, tips on photo editing software, using task management tools effectively, guide to educational apps, insights into popular social media applications, overview of music streaming services, using video conferencing tools, best note-taking applications, favorite mobile gaming apps."
DevGuru_503,user_6103,YouTube,United Kingdom,"#CodingLife, #SoftwareDev, #TechWorld, #ProgrammingTips, #AppInnovation",Sharing insights and tips on software development and coding.,210k,350,4.0m,125k,5.1k,"JavaScript for Beginners, Advanced Python Projects, Mobile App Development, Data Visualization Tools, Front-End Frameworks, Backend Technologies, AR/VR in App Creation, Database Management, Coding Bootcamps, Open Source Contributions","Introductory tutorials on JavaScript, projects for advanced Python programmers, insights into mobile app development, tools for data visualization, exploring front-end frameworks, understanding backend technologies, implementing AR/VR in apps, database management techniques, benefits of coding bootcamps, and contributing to open source projects."
UrbanChic_601,user_7101,YouTube,United Kingdom,"#UrbanLiving, #FashionTrends, #HomeDecor, #CityLife, #ModernLifestyle",Showcasing the latest trends in urban lifestyle and fashion.,240k,390,5.0m,150k,6.0k,"Street Style Fashion, Apartment Decorating Tips, Gourmet City Eats, Digital Nomad Guide, Yoga in the City, Sustainable Living, DIY Urban Gardening, Smart Home Gadgets, Nightlife Hotspots, Wellness in the City","Exploring street style fashion trends, tips for decorating modern apartments, reviews of gourmet city restaurants, guides for digital nomads, practicing yoga in urban settings, adopting sustainable living habits, DIY projects for urban gardening, using smart home technology, discovering nightlife hotspots, and maintaining wellness in a city environment."
EcoWarrior_602,user_7102,TikTok,Canada,"#EcoFriendly, #GreenLiving, #SustainableChoices, #MindfulLiving, #NatureLove",Advocating for eco-friendly living and sustainable choices.,210k,320,4.2m,130k,5.3k,"Zero Waste Home Tips, Vegan Lifestyle, Ethical Fashion Choices, Reducing Carbon Footprint, Eco-Friendly Travel, Solar Energy Use, Organic Gardening, Recycling and Upcycling, Clean Beauty Products, Conserving Water","Guidance on creating a zero waste home, adopting a vegan lifestyle, making ethical fashion choices, methods to reduce carbon footprints, tips for eco-friendly travel, benefits of using solar energy, techniques for organic gardening, ideas for recycling and upcycling, choosing clean beauty products, and strategies for conserving water."
WellnessGuru_603,user_7103,YouTube,Australia,"#WellnessJourney, #HealthyLiving, #MindBodySoul, #SelfCare, #HolisticHealth",Inspiring a holistic approach to health and wellness.,225k,360,4.6m,140k,5.8k,"Meditation Techniques, Nutritious Meal Prep, Yoga for Stress Relief, Self-Care Routines, Mindfulness Practices, Herbal Remedies, Physical Fitness, Emotional Wellness, Detox Diets, Aromatherapy Benefits","Tutorials on various meditation techniques, preparing nutritious meals, using yoga for stress management, daily self-care routines, exercises in mindfulness, exploring herbal remedies, maintaining physical fitness, fostering emotional wellness, understanding detox diets, and the benefits of aromatherapy."
CreativeCanvas_701,user_8101,YouTube,France,"#ArtWorld, #ModernArt, #ArtistShowcase, #PaintingTechniques, #GalleryTours",Exploring the vibrant world of modern art and creative expression.,260k,400,5.2m,155k,6.2k,"Abstract Art Explained, Watercolor Techniques, Sculpture Art Forms, Digital Art Revolution, Famous Painters' Styles, Art Therapy Benefits, Street Art Culture, Art Exhibition Reviews, Printmaking Process, Art in Architecture","Insights into abstract art, techniques in watercolor painting, various forms of sculpture art, the impact of digital art, exploring the styles of famous painters, benefits of art therapy, the culture of street art, reviews of art exhibitions, the process of printmaking, and the role of art in architecture."
UrbanSketcher_702,user_8102,TikTok,United States,"#SketchingLife, #UrbanArt, #DrawingSkills, #CreativeMinds, #ArtOnTheGo",Bringing urban scenes to life through sketching and drawing.,220k,340,4.3m,135k,5.4k,"Cityscape Sketching, Portrait Drawing Tips, Plein Air Sketching, Pen and Ink Techniques, Charcoal Drawing, Graffiti Art Inspirations, Sketchbook Ideas, Travel Sketching, Architectural Drawings, Figure Sketching","Sketching cityscapes, tips for drawing portraits, plein air sketching techniques, using pen and ink, creating with charcoal, inspirations from graffiti art, creative sketchbook concepts, sketching while traveling, drawing architectural structures, and figure sketching techniques."
GalleryGuru_703,user_8103,YouTube,Italy,"#ArtLovers, #GalleryVisits, #ArtHistory, #ContemporaryArtists, #Masterpieces",A journey through art history and contemporary galleries.,240k,370,4.8m,145k,5.7k,"Renaissance Art Tour, Modern Art Movements, Art Collector Insights, Emerging Artists to Watch, Famous Artworks Analysis, Virtual Gallery Tours, Art Investment Tips, Sculpture Art Explained, Art Restoration Processes, Famous Gallery Behind the Scenes","Exploring Renaissance art, overview of modern art movements, insights from art collectors, emerging artists in the contemporary scene, analyses of famous artworks, virtual tours of galleries, tips for art investment, understanding sculpture art, processes involved in art restoration, and behind-the-scenes looks at famous galleries."
WellnessGuide_801,user_9101,YouTube,United States,"#HealthTips, #WellnessJourney, #FitnessMotivation, #MentalHealth, #NutritionFacts",Dedicated to promoting holistic health and wellness.,270k,420,5.4m,160k,6.5k,"Healthy Eating Habits, Workout Routines, Stress Management Techniques, Sleep Hygiene, Yoga for Beginners, Mental Health Awareness, Weight Loss Journeys, Heart Health Tips, Immune System Boosters, Holistic Healing Practices","Guidance on healthy eating, effective workout routines, managing stress, improving sleep quality, introductory yoga sessions, promoting mental health, personal weight loss stories, tips for maintaining heart health, natural ways to boost the immune system, and exploring holistic healing methods."
FitnessFanatic_802,user_9102,TikTok,Australia,"#FitLife, #HealthGoals, #ExerciseDaily, #HealthyLiving, #BodyPositivity",Encouraging a fit and active lifestyle for overall health.,230k,380,4.8m,145k,5.8k,"HIIT Workouts, Marathon Training, Healthy Meal Prep, Personal Fitness Challenges, Gym Equipment Guide, Active Recovery Techniques, Fitness Trackers Reviewed, Hydration and Health, Outdoor Activities, Bodyweight Exercises","High-Intensity Interval Training routines, marathon preparation tips, ideas for healthy meal prep, personal fitness challenge experiences, reviews of gym equipment, techniques for active recovery, evaluations of fitness trackers, importance of hydration for health, engaging in outdoor activities, and bodyweight exercise routines."
MindBodySoul_803,user_9103,YouTube,Canada,"#MentalWellness, #PhysicalHealth, #SpiritualGrowth, #SelfCare, #Mindfulness","Focusing on the interconnectedness of mental, physical, and spiritual health.",250k,400,5.0m,150k,6.0k,"Meditation Techniques, Physical Fitness Regimens, Spiritual Retreats, Self-Care Sundays, Mindful Eating, Yoga for Health, Coping with Anxiety, Personal Growth Workshops, Energy Healing, Balanced Lifestyle Tips","Various meditation practices, fitness regimens for physical health, experiences in spiritual retreats, self-care routines, practicing mindful eating, health benefits of yoga, strategies for coping with anxiety, workshops for personal growth, exploring energy healing, and tips for a balanced lifestyle."
BizStrategist_901,user_10101,YouTube,United States,"#BusinessGrowth, #ConsultingTips, #Entrepreneurship, #ServiceInnovation, #CorporateStrategy",Offering strategic advice for business growth and entrepreneurship.,280k,440,5.6m,165k,6.8k,"Scaling Your Business, Effective Leadership Skills, Digital Marketing Strategies, Startup Funding, Customer Service Excellence, Brand Development, Organizational Efficiency, Market Analysis Techniques, Social Media for Business, Business Networking","Strategies for scaling businesses, developing effective leadership, digital marketing tactics, securing startup funding, delivering excellent customer service, building strong brands, improving organizational efficiency, analyzing market trends, leveraging social media for business, and effective business networking."
ServiceSavvy_902,user_10102,TikTok,United Kingdom,"#CustomerExperience, #ServiceDesign, #ConsultingLife, #BusinessSolutions, #ServiceManagement",Exploring innovative service design and customer experience strategies.,240k,400,5.2m,155k,6.4k,"Enhancing Customer Experience, Service Design Principles, Consulting Industry Insights, Effective Communication, Business Process Optimization, Customer Feedback Loops, Service Blueprinting, Client Relationship Management, Innovative Service Ideas, Professional Development in Consulting","Methods for enhancing customer experience, fundamentals of service design, insights into the consulting industry, mastering effective communication, optimizing business processes, utilizing customer feedback, creating service blueprints, managing client relationships, generating innovative service ideas, and professional growth in consulting."
InnovateImpact_903,user_10103,YouTube,Australia,"#InnovationConsulting, #ImpactStrategies, #BusinessTransformation, #ChangeManagement, #ConsultingSkills",Focused on helping businesses innovate and make impactful transformations.,260k,420,5.4m,160k,6.6k,"Innovative Business Models, Creating Social Impact, Change Management Techniques, Organizational Restructuring, Strategic Consulting, Leadership in Change, Tech-Driven Business Solutions, Corporate Sustainability, Business Analytics, Growth Mindset in Consulting","Developing innovative business models, strategies for creating social impact, change management methods, techniques for organizational restructuring, strategic consulting approaches, leading through change, integrating technology in business solutions, achieving corporate sustainability, utilizing business analytics, and fostering a growth mindset in consulting."
TechTrendsetter_1001,user_11101,YouTube,United States,"#TechInnovations, #HighTech, #GadgetReviews, #TechWorld, #FutureTech",Bringing the latest in technology and high-tech gadget reviews.,290k,460,5.8m,170k,7.0k,"Newest Smartphones Reviewed, Top Tech Gadgets, Artificial Intelligence in Everyday Life, Virtual Reality Trends, Wearable Technology, Future of Computing, Drone Technology, Home Automation Systems, Cybersecurity Essentials, Autonomous Vehicles","Reviews of the latest smartphones, top tech gadgets of the year, applications of artificial intelligence, trends in virtual reality, advancements in wearable tech, exploring the future of computing, insights into drone technology, guides to home automation, fundamentals of cybersecurity, and the development of autonomous vehicles."
CyberGuru_1002,user_11102,TikTok,India,"#Cybersecurity, #TechUpdates, #DigitalWorld, #ITExpert, #TechSolutions",Expert insights into cybersecurity and the latest IT solutions.,250k,420,5.4m,160k,6.8k,"Protecting Against Cyber Threats, Latest IT Innovations, Cloud Computing Explained, Data Privacy Tips, Network Security Best Practices, Mobile Security, Cryptography Basics, Tech Industry Analysis, Big Data Trends, IoT in Everyday Life","Strategies for cybersecurity, updates on IT innovations, understanding cloud computing, maintaining data privacy, best practices in network security, securing mobile devices, fundamentals of cryptography, analysis of tech industry trends, insights into big data, and the role of IoT in daily life."
DevTechie_1003,user_11103,YouTube,Germany,"#SoftwareDevelopment, #TechTalk, #ProgrammingLife, #InnovationHub, #DigitalSolutions",Focusing on software development and innovative digital solutions.,275k,450,5.6m,165k,6.9k,"Advanced Coding Techniques, Mobile App Development, Cloud Services Deep Dive, Machine Learning Applications, Front-End Development Trends, Back-End Architectures, DevOps Practices, UI/UX Design Principles, Tech Startup Strategies, Augmented Reality in Apps","Exploring advanced coding methodologies, creating mobile applications, in-depth look at cloud services, applying machine learning, trends in front-end development, architectures for back-end systems, implementing DevOps, principles of UI/UX design, strategies for tech startups, and the use of augmented reality in app development."
ParentingPro_03,user_1203,TikTok,United Kingdom,"#EarlyParenting, #BabyJourney, #ParentingWins, #ChildRearing, #FamilyMoments",Sharing the joys and challenges of early parenting.,160k,275,2.9m,81k,3.9k,"Handling Toddler Tantrums, Baby Sign Language, First Foods for Babies, New Parent Support Groups, Nursery Room Ideas, Diaper Changing Tricks, Child Vaccination Schedule, Reading to Infants, Outdoor Safety for Kids, Parent-Child Bonding Activities","Practical tips on managing toddler tantrums, teaching baby sign language, introducing solid foods, finding support as a new parent, creative nursery room decoration, diaper changing techniques, vaccination guide for children, benefits of reading to infants, ensuring safety during outdoor activities, ideas for bonding with your child."
BabyCareGuru_04,user_1204,YouTube,Canada,"#InfantCare, #Motherhood, #BabyHealth, #NewbornTips, #ParentingGuide",Expert advice on newborn care and maternal health.,140k,260,2.6m,75k,3.5k,"Breastfeeding Essentials, Soothing a Crying Baby, Postpartum Fitness, Baby's Sleep Schedule, Newborn Bathing Safety, Choosing the Right Formula, Developmental Milestones, Creating a Baby-friendly Home, Mother-Baby Bonding, Handling Common Illnesses","Guidance on breastfeeding, techniques to soothe crying infants, postpartum fitness advice, establishing a sleep routine for babies, safe bathing practices, choosing baby formula, understanding developmental milestones, tips for baby-proofing your home, nurturing mother-baby relationships, managing common infant illnesses."
NewMomDiaries_05,user_1205,TikTok,Australia,"#NewMomLife, #BabyCareTips, #PostpartumJourney, #FirstYearMoments, #BabySmiles",A new mom's diary sharing day-to-day experiences and learnings.,150k,290,2.7m,80k,4.0k,"First Time Parenting, Baby Nutrition Guide, Choosing Baby Apparel, Infant Toy Selection, Baby's First Foods, Celebrating Baby Milestones, Mom's Self Care, Home Safety for Toddlers, Balancing Work and Parenting, Fun with Baby Activities","Personal experiences as a first-time parent, advice on baby nutrition, selecting appropriate baby clothes, choosing safe toys for infants, introducing solid foods, celebrating key milestones in baby's first year, tips for mom's self-care, ensuring home safety for active toddlers, balancing professional life with parenting, engaging and fun activities to do with your baby."
TinyTotsAdvisor_06,user_1206,YouTube,United States,"#ToddlerTips, #ParentingHacks, #BabyDevelopment, #FamilyFun, #HealthyBabies",Offering tips and advice for toddlers and developmental milestones.,170k,310,2.8m,82k,4.1k,"Toddler Nutrition, Effective Potty Training, Creative Play Ideas, Language Learning Tips, Outdoor Activities for Kids, Dealing with Tantrums, Early Childhood Education, Safe Toy Choices, Sleep Routines for Toddlers, Engaging Storytelling Techniques","Nutritional needs for toddlers, strategies for successful potty training, innovative play ideas, fostering language development, fun outdoor activities, managing tantrums, educational insights for young children, choosing safe and educational toys, establishing bedtime routines, captivating storytelling for children."
BabyHealthFocus_07,user_1207,TikTok,United Kingdom,"#BabyWellness, #InfantCare, #HealthyStart, #BabySafety, #NewParents",Specializing in infant health and wellness for new parents.,155k,300,2.9m,83k,4.2k,"Infant Immunizations, Natural Baby Foods, Safe Sleeping Practices, Baby Hygiene Basics, First Aid for Babies, Prevention of Common Illnesses, Growth Milestone Tracking, Bath Time Safety, Healthy Skin Care for Babies, Soothing Teething Discomfort","Guidance on infant vaccinations, preparing natural meals for babies, ensuring safe sleep environments, fundamental hygiene practices for infants, essential first aid tips, preventing common childhood illnesses, tracking developmental milestones, conducting safe and enjoyable bath times, caring for baby's skin, and alleviating teething discomfort."
FitTrailRunner_202,user_1301,YouTube,Canada,"#FitnessLife, #OutdoorWorkouts, #SportsMania, #HealthTrends, #AdventureSports",Sharing outdoor fitness routines and insights into adventure sports.,300k,350,4.8m,250k,10k,"Trail Running Basics, High-Intensity Workouts, Yoga for Athletes, Mountain Biking Trails, Swimming Techniques, Strength Training for Runners, Climbing Tips, Triathlon Training, Outdoor Survival Skills, Kayaking Adventures","Techniques in trail running, conducting high-intensity interval training, integrating yoga with athletic training, exploring mountain biking, improving swimming strokes, strength training tips for runners, rock climbing techniques, triathlon preparation, outdoor survival strategies, and kayaking experiences."
YogaSpirit_203,user_1302,TikTok,United States,"#YogaJourney, #FitnessMotivation, #MindBodySoul, #HolisticWellness, #PeacefulPractice",Inspiring holistic wellness through yoga and mindful practices.,220k,300,3.2m,90k,4.5k,"Morning Yoga Routines, Meditation Techniques, Advanced Yoga Poses, Yoga for Stress Relief, Mindfulness Practices, Yoga Retreats, Pranayama Techniques, Yin Yoga Sessions, Yoga Nutrition, Yoga Therapy","Guiding morning yoga practices, various meditation methods, advanced yoga postures, using yoga for stress management, mindfulness in daily life, experiences in yoga retreats, teaching pranayama breathing, yin yoga sessions, nutrition for yogis, and therapeutic aspects of yoga."
OutdoorAdventurer_204,user_1303,YouTube,Australia,"#AdventureTime, #OutdoorLife, #ExtremeSports, #NatureTrips, #EcoTravel",Documenting thrilling outdoor adventures and extreme sports.,280k,380,4.9m,240k,11k,"Skydiving Experiences, Scuba Diving Spots, Hiking Epic Trails, Bungee Jumping Thrills, Surfing Big Waves, Off-Road Biking, Wilderness Camping, White-Water Rafting, Snowboarding Tips, Sandboarding Adventures","Experiencing skydiving, exploring scuba diving locations, hiking on famous trails, the thrill of bungee jumping, surfing techniques for large waves, off-road biking challenges, camping in the wilderness, adventures in white-water rafting, tips for snowboarding, and sandboarding experiences."
HealthCoach_205,user_1304,TikTok,United Kingdom,"#HealthFirst, #FitnessCoaching, #WellBeing, #ExerciseRoutine, #HealthyLifestyle",Focusing on fitness coaching and overall well-being.,250k,340,4.6m,230k,10.5k,"Personal Fitness Plans, Nutrition and Diet, Mindful Exercise, Cardio Workouts, Muscle Building, Healthy Habits, Stress Reduction, Fitness for Seniors, Children’s Fitness, Recovery and Rehabilitation","Creating personalized fitness plans, advice on nutrition and diet, exercises with mindfulness, effective cardio workouts, muscle-building techniques, developing healthy habits, reducing stress through exercise, fitness routines for seniors, promoting children's fitness, and strategies for recovery and rehabilitation."
EnduranceExpert_206,user_1305,YouTube,South Africa,"#EnduranceTraining, #MarathonReady, #CyclingLife, #AthleticPerformance, #FitnessGoals",Expert advice on endurance training and athletic performance.,270k,360,5.0m,250k,12k,"Marathon Training Tips, Long-Distance Cycling, Triathlon Preparation, High Altitude Training, Cross-Country Running, Swimming for Endurance, Ultra Marathon Strategies, Endurance Nutrition, Hydration Techniques, Mental Stamina Building","Preparing for marathons, tips for long-distance cycling, triathlon training routines, training at high altitudes, techniques for cross-country running, swimming to boost endurance, strategies for ultra marathons, nutritional advice for endurance athletes, effective hydration methods, and building mental stamina for endurance sports."
EduMaster_303,user_1401,TikTok,United Kingdom,"#LearnWithMe, #EducationMatters, #StudyTips, #EduTech, #CareerAdvice",Tips and tricks for effective learning and training.,220k,180,3.2m,150k,8k,"Study Tips for Students, Effective Learning Methods, Career Planning, Educational Technology Insights, Time Management for Studying, Online Course Recommendations, Exam Preparation Techniques, Scholarship Guides, Collaborative Learning Strategies, Lifelong Learning Habits","Educational techniques for students, innovative learning methods, career planning advice, insights into educational technology, time management strategies, reviews of online courses, exam preparation tips, guides to securing scholarships, promoting collaborative learning, and fostering lifelong learning."
SkillBuilder_304,user_1402,YouTube,Canada,"#SkillDevelopment, #TrainingGuru, #OnlineEducation, #LearningJourney, #ProfessionalGrowth",Focusing on skill development and continuous learning.,180k,210,2.8m,120k,6k,"Soft Skills Training, Advanced Programming Courses, Career Advancement Tips, E-learning Tools Review, Language Learning Strategies, Professional Certification Guides, Creative Problem-Solving, Public Speaking Skills, Time Management Workshops, Networking for Professionals","Enhancing soft skills, courses in advanced programming, tips for career advancement, reviews of e-learning tools, strategies for language learning, guides to professional certifications, fostering creative problem-solving, improving public speaking, workshops on time management, and effective networking strategies."
LearningInnovator_305,user_1403,TikTok,Australia,"#InnovativeLearning, #EduTrends, #FutureOfEducation, #EdTech, #LearningCommunity",Innovations and trends in the field of education and technology.,200k,230,3.4m,135k,7.5k,"Gamification in Education, Virtual Reality Classrooms, Adaptive Learning Technologies, Educational Mobile Apps, Flipped Classroom Model, Collaborative Online Platforms, Augmented Reality in Learning, Personalized Learning Paths, Social Emotional Learning, Integrating AI in Education","Exploring gamification in learning, using VR in classrooms, benefits of adaptive learning technologies, effectiveness of educational mobile apps, implementing the flipped classroom model, advantages of collaborative online platforms, applications of AR in education, creating personalized learning paths, importance of social emotional learning, and the role of AI in educational settings."
CareerCoach_306,user_1404,YouTube,United States,"#CareerGrowth, #JobHunting, #ProfessionalDevelopment, #ResumeTips, #InterviewPreparation",Guiding professionals in career growth and job hunting strategies.,190k,200,3.0m,110k,6.5k,"Effective Resume Writing, Mastering Job Interviews, Networking Strategies, Personal Branding Techniques, Career Transition Advice, Leadership Skills Development, Negotiating Salaries, Managing Work-Life Balance, Building Professional Relationships, Enhancing Communication Skills","Strategies for writing impactful resumes, techniques for successful job interviews, effective networking, developing personal branding, advice for career transitions, cultivating leadership skills, tips for negotiating salaries, achieving work-life balance, fostering professional relationships, and improving communication skills."
TechEduGuru_307,user_1405,TikTok,Singapore,"#TechEducation, #CodingForAll, #STEMLearning, #DigitalSkills, #EducationFuture",Emphasizing tech education and digital skills for all ages.,210k,250,3.6m,125k,7.0k,"Basic Coding Tutorials, STEM Education for Kids, Web Development Basics, Data Science for Beginners, Robotics Workshops, AI in Education, Cloud Computing Essentials, Cybersecurity Awareness, App Development for Teens, Tech Entrepreneurship","Introductory coding lessons, promoting STEM education among kids, fundamentals of web development, basics of data science, conducting robotics workshops, integrating AI into learning, essentials of cloud computing, raising cybersecurity awareness, teaching app development to teens, and fostering tech entrepreneurship."
PetWhisperer_404,user_1501,YouTube,Australia,"#AnimalLovers, #PetCare, #HappyPets, #PetTraining, #AnimalHealth",Your go-to guide for all things pet-related.,175k,250,2.9m,120k,6k,"Dog Training Tips, Cat Nutrition, Aquarium Setup, Bird Care Basics, Grooming Your Pets, Exotic Pet Care, Understanding Pet Behavior, Animal Rescue Stories, Pet-Friendly Home Ideas, Veterinary Care Guide","Sharing tips and advice on dog training, proper nutrition for cats, setting up an aquarium, basics of bird care, grooming techniques for pets, how to care for exotic animals, understanding your pet's behavior, heartwarming animal rescue stories, creating a pet-friendly home, and a guide to veterinary care."
FelineFocus_405,user_1502,TikTok,United States,"#CatLovers, #KittyCare, #FelineFriends, #CatBehavior, #Meow",Dedicated to the love and care of felines.,200k,300,3.0m,110k,5.5k,"Indoor Cat Enrichment, Caring for Senior Cats, Litter Training Kittens, Managing Cat Allergies, Feline Nutrition Tips, Cat Toy Recommendations, Understanding Cat Communication, DIY Cat Furniture, Preventing Cat Scratching, Feline First Aid Essentials","Enrichment ideas for indoor cats, special care tips for senior cats, training kittens to use the litter box, how to manage cat allergies, nutritional advice for felines, recommendations for cat toys, understanding how cats communicate, making DIY cat furniture, strategies to prevent unwanted cat scratching, and essential first aid tips for cat owners."
CanineCompanion_406,user_1503,YouTube,United Kingdom,"#DogLife, #PuppyLove, #CanineCare, #DogTraining, #ManBestFriend",All about fostering a great relationship between dogs and their owners.,190k,270,2.7m,100k,5.0k,"Puppy Training Basics, Choosing the Right Dog Breed, Dog Grooming 101, Canine Health Checkups, Dog Behavior Insights, Safe Dog Play, Dog Nutrition Advice, Outdoor Adventures with Dogs, Dog Safety Tips, Community Dog Events","Essential tips for training puppies, advice on choosing the right dog breed for your lifestyle, grooming techniques for dogs, maintaining canine health, understanding dog behavior, ensuring safe play for dogs, providing proper nutrition, ideas for outdoor activities with your dog, safety tips for dog owners, and information on community events for dogs and their owners."
AquaticAdventures_407,user_1504,TikTok,Canada,"#AquariumHobby, #FishCare, #AquaticPets, #TankMaintenance, #UnderwaterWorld",Delving into the fascinating world of aquariums and aquatic life.,160k,220,2.6m,90k,4.5k,"Setting Up Your Aquarium, Tropical Fish Care, Freshwater vs Saltwater Tanks, Aquascaping Techniques, Aquarium Maintenance Tips, Choosing Aquarium Filters, Breeding Fish Basics, Common Fish Diseases, Feeding Your Aquatic Pets, Sustainable Fishkeeping","Guides to setting up aquariums, caring for tropical fish, differences between freshwater and saltwater tanks, the art of aquascaping, tips for maintaining a healthy aquarium, how to choose the right filters, basics of breeding fish, identifying and treating common fish diseases, advice on feeding aquatic pets, and promoting sustainable fishkeeping practices."
BirdsNBeaks_408,user_1505,YouTube,New Zealand,"#BirdLovers, #AvianCare, #FeatheredFriends, #BirdTraining, #Ornithology","A haven for bird enthusiasts, focusing on avian care and bird watching.",180k,240,2.8m,95k,4.8k,"Caring for Parrots, Birdwatching Tips, Avian Nutrition, Training Your Bird, Bird Cage Setup, Wild Bird Conservation, Exotic Bird Species, Bird Photography, Recognizing Bird Calls, Creating Bird-Friendly Gardens","Comprehensive care tips for parrots, essential birdwatching techniques, nutritional needs of various bird species, training methods for pet birds, setting up the ideal bird cage, efforts in wild bird conservation, exploring exotic bird species, tips for bird photography, how to recognize different bird calls, and advice on creating bird-friendly gardens."
GlobeTrekker_501,user_1601,YouTube,United States,"#WorldTraveler, #TourismTrends, #AdventureSeeker, #CulturalExplorer, #TravelGuides",Exploring the globe and sharing unique cultural and travel experiences.,300k,320,4.5m,200k,10k,"Hidden Gems in Europe, Backpacking Through Asia, Eco-Friendly Travel Tips, Local Cuisine Adventures, Historic Sites Tour, Experiencing Festivals Worldwide, Desert Exploration, Travel Photography Tips, Budget Travel Hacks, Island Hopping Guide","Discovering lesser-known destinations in Europe, backpacking guides for Asia, tips for eco-friendly traveling, exploring local cuisines, tours of historical landmarks, experiencing global festivals, adventures in various deserts, advice on travel photography, how to travel on a budget, and guides to island hopping."
CityScapeAdventurer_502,user_1602,TikTok,Canada,"#UrbanTravel, #CityExploration, #MetropolitanLife, #TravelVlogging, #CityTours",Delving into the heart of cities around the world and uncovering urban treasures.,250k,290,4.0m,180k,9k,"Top City Skylines, Urban Street Food Trails, Discovering City Art, Nightlife in Major Cities, Historic Urban Centers, Best City Parks, Urban Hiking Experiences, Public Transport Hacks, Cycling in the City, Coffee Shop Culture","Showcasing breathtaking city skylines, exploring street food scenes, uncovering urban art, experiencing city nightlife, delving into the history of urban centers, enjoying serene city parks, urban hiking adventures, tips for using public transport, city cycling routes, and the culture of coffee shops in metropolitan areas."
SeasideVoyager_503,user_1603,YouTube,Australia,"#BeachTravel, #CoastalTrips, #SeasideAdventures, #OceanLovers, #BeachLife",Capturing the essence of coastal life and seaside adventures around the world.,275k,310,4.6m,210k,11k,"Best Beach Destinations, Coastal Hiking Trails, Seafood Cuisine Delights, Ocean Conservation, Surfing Hotspots, Coastal Photography, Beach Camping Tips, Maritime Museums, Lighthouse Tours, Coastal Road Trips","Exploring top beach destinations, hiking along scenic coastal trails, enjoying various seafood cuisines, focusing on ocean conservation, surfing at renowned spots, the best locations for coastal photography, tips for camping on beaches, tours of maritime museums, visiting famous lighthouses, and planning road trips along the coast."
NatureNomad_504,user_1604,TikTok,New Zealand,"#NatureTravels, #EcoTourism, #WildlifeAdventures, #ScenicRoutes, #SustainableTravel",Exploring the beauty of nature and promoting eco-friendly and sustainable tourism.,260k,280,4.2m,190k,9.5k,"Wildlife Safaris, Sustainable Travel Practices, National Park Tours, Birdwatching Expeditions, Hiking in Rainforests, Responsible Tourism, Conservation Efforts, Eco-Lodges Review, Wildlife Photography, Nature Conservation Campaigns","Engaging in wildlife safaris, tips for sustainable travel, tours of national parks, birdwatching adventures, hiking experiences in rainforests, promoting responsible tourism, participating in conservation efforts, reviews of eco-lodges, tips for wildlife photography, and involvement in nature conservation campaigns."
CulturalCurator_505,user_1605,YouTube,Italy,"#CulturalTravel, #HistoricSites, #WorldHeritage, #TravelHistory, #DiscoverCultures",Discovering and sharing rich cultural and historical sites around the globe.,285k,300,4.8m,220k,12k,"Exploring Ancient Ruins, World Heritage Sites, Cultural Festivals Worldwide, Historical City Tours, Museum Insights, Traditional Cuisines, Artistic Landmarks, Ancient Civilizations, Architectural Wonders, Cultural Exchange Experiences","Journeys through ancient ruins, visiting World Heritage sites, experiencing cultural festivals, tours of historical cities, insights into renowned museums, exploring traditional cuisines, visiting artistic landmarks, learning about ancient civilizations, admiring architectural wonders, and engaging in cultural exchange experiences."
AppWizard_506,user_1701,TikTok,India,"#AppReviews, #SoftwareSolutions, #TechInsights, #AppDevelopment, #DigitalTools",Diving into the latest app trends and software solutions.,200k,310,3.8m,170k,8.5k,"Top Mobile Apps This Month, Cloud Software Explained, UX/UI Design Trends, Project Management Tools Review, Emerging Tech in Apps, Cybersecurity Software Insights, Productivity Apps Breakdown, AR/VR Apps, Software for Startups, Data Management Systems","Reviews of trending mobile apps, explaining cloud software, current UX/UI design trends, analyzing project management tools, exploring emerging technologies in apps, insights into cybersecurity software, breakdown of productivity applications, potential of AR/VR in apps, recommending software for startups, understanding data management systems."
TechTutor_507,user_1702,YouTube,United States,"#TechEducation, #SoftwareTutorials, #AppLearning, #DigitalInnovation, #TechSkills",Providing tutorials and educational content on software and apps.,220k,290,3.6m,160k,7.5k,"Coding for Beginners, Advanced Excel Techniques, Mobile App Development, Software Engineering Basics, Graphic Design Software, Video Editing Apps, Learning Management Systems, CRM Software Tutorial, Automation Tools, Building Web Applications","Introductory lessons in coding, advanced techniques in Excel, fundamentals of mobile app development, basics of software engineering, using graphic design software, tips on video editing apps, exploring learning management systems, tutorial on CRM software, using automation tools, and how to build web applications."
DigitalGuru_508,user_1703,TikTok,South Korea,"#DigitalTrends, #SoftwareReviews, #AppInnovation, #TechSavvy, #MobileApps",Your guide to the latest digital trends and software reviews.,240k,320,4.2m,180k,9k,"Top 10 Apps of the Year, Cloud Computing Apps, AI-Powered Software, Blockchain in Apps, Smart Home Apps, Fitness Tracking Software, Educational Apps for Kids, Social Media Management Tools, Cybersecurity Apps, Gaming App Trends","Ranking the top apps of the year, exploring cloud computing applications, software utilizing AI, blockchain technology in apps, reviewing smart home applications, fitness tracking software, educational apps for children, tools for managing social media, apps for cybersecurity, and current trends in gaming apps."
CodeWhiz_509,user_1704,YouTube,United Kingdom,"#CodingLife, #DevCommunity, #ProgrammingTips, #AppCoding, #TechWorld",Sharing insights and tips for coding and app development.,210k,280,3.4m,150k,8k,"JavaScript Essentials, Python for Data Science, Mobile Development Basics, React Native Tips, Android App Coding, Agile Methodology, Database Management, Front-End Development, Backend Solutions, Coding Bootcamps Review","Fundamentals of JavaScript, using Python in data science, basics of mobile development, tips for React Native, coding for Android apps, implementing Agile methodologies, database management techniques, front-end development strategies, backend solutions for developers, and reviews of coding bootcamps."
DevInnovator_510,user_1705,TikTok,Germany,"#SoftwareDev, #AppWorld, #TechIdeas, #CodingSkills, #DigitalSolutions",Innovating in the world of software development and app creation.,230k,300,4.0m,170k,8.5k,"Startup App Ideas, Cross-Platform Development, User Interface Design, Software Testing Methods, Security in App Development, Open Source Software, AR/VR in Apps, Cloud-Based Solutions, IoT Application Development, Emerging Tech in Software","Exploring app ideas for startups, cross-platform development techniques, designing user interfaces, methods for software testing, ensuring security in app development, using open source software, integrating AR/VR in apps, advantages of cloud-based solutions, developing applications for IoT, and emerging technologies in software development."
UrbanChic_601,user_1801,YouTube,United States,"#UrbanLiving, #FashionTrends, #HomeDecor, #CityLife, #ModernLifestyle",Showcasing the latest trends in urban lifestyle and fashion.,240k,390,5.0m,150k,12k,"Street Style Fashion, Apartment Decorating Tips, Gourmet City Eats, Digital Nomad Life, Urban Yoga, Sustainable Living, DIY Urban Gardening, Smart Home Gadgets, Nightlife Guides, Wellness in the City","Exploring street style fashion trends, tips for decorating modern apartments, reviews of gourmet city restaurants, lifestyle of digital nomads, urban yoga practices, adopting sustainable living habits, DIY projects for urban gardening, using smart home technology, guides to city nightlife, and maintaining wellness in urban environments."
EcoWarrior_602,user_1802,TikTok,Canada,"#EcoFriendly, #GreenLiving, #SustainableChoices, #MindfulLiving, #NatureLove",Advocating for eco-friendly living and sustainable choices.,210k,320,4.2m,130k,10k,"Zero Waste Home Tips, Vegan Lifestyle, Ethical Fashion, Reducing Carbon Footprint, Eco-Friendly Travel, Solar Energy Use, Organic Gardening, Recycling and Upcycling, Clean Beauty Products, Conserving Water","Guidance on creating a zero waste home, adopting a vegan lifestyle, embracing ethical fashion choices, methods to reduce carbon footprints, tips for eco-friendly travel, benefits of using solar energy, techniques for organic gardening, ideas for recycling and upcycling, choosing clean beauty products, and strategies for conserving water."
WellnessGuru_603,user_1803,YouTube,Australia,"#WellnessJourney, #HealthyLiving, #MindBodySoul, #SelfCare, #HolisticHealth",Inspiring a holistic approach to health and wellness.,225k,360,4.6m,140k,11k,"Meditation Techniques, Nutritious Meal Prep, Yoga for Stress Relief, Self-Care Routines, Mindfulness Practices, Herbal Remedies, Physical Fitness, Emotional Wellness, Detox Diets, Aromatherapy Benefits","Tutorials on various meditation techniques, preparing nutritious meals, using yoga for stress management, daily self-care routines, exercises in mindfulness, exploring herbal remedies, maintaining physical fitness, fostering emotional wellness, understanding detox diets, and the benefits of aromatherapy."
UrbanChic_601,user_1801,YouTube,United States,"#UrbanLifestyle, #FashionTrends, #HomeDecor, #CityLiving, #ModernLife","Exploring urban lifestyle trends, from fashion to home decor.",260k,300,4.2m,190k,9k,"Street Style Fashion, Modern Home Decorating, Urban Dining Experiences, City Nightlife, Sustainable Living in the City, DIY Urban Gardening, Smart Home Tech, Minimalist Living, Fitness in the City, Urban Photography Tips","Showcasing the latest in street style fashion, tips for modern home decor, experiences of urban dining, exploring city nightlife, adopting sustainable living practices, DIY ideas for urban gardening, using smart home technology, embracing minimalist living, maintaining fitness in an urban environment, and tips for urban photography."
EcoWarrior_602,user_1802,TikTok,Canada,"#EcoFriendly, #GreenLiving, #SustainableChoices, #MindfulLiving, #NatureConnection",Advocating for eco-friendly living and sustainability.,240k,320,3.9m,180k,8.5k,"Zero Waste Home Tips, Vegan Lifestyle, Ethical Fashion, Reducing Carbon Footprint, Eco-Friendly Travel, Renewable Energy Use, Organic Gardening, Recycling and Upcycling, Clean Beauty Products, Conservation Efforts","Tips for creating a zero-waste home, embracing a vegan lifestyle, ethical fashion choices, reducing carbon footprints, eco-friendly travel ideas, using renewable energy, organic gardening techniques, recycling and upcycling projects, selecting clean beauty products, and participating in conservation efforts."
CreativeCanvas_701,user_1901,YouTube,France,"#ArtWorld, #ModernArt, #ArtistSpotlight, #PaintingTechniques, #GalleryTours",Exploring the vibrant world of modern art and creative expression.,270k,350,4.8m,210k,11k,"Abstract Art Explained, Watercolor Techniques, Sculpture Art Forms, Digital Art Revolution, Famous Painters' Styles, Art Therapy Benefits, Street Art Culture, Art Exhibition Reviews, Printmaking Process, Art in Architecture","Insights into abstract art, techniques in watercolor painting, various forms of sculpture art, the impact of digital art, exploring the styles of famous painters, benefits of art therapy, the culture of street art, reviews of art exhibitions, the process of printmaking, and the role of art in architecture."
UrbanSketcher_702,user_1902,TikTok,United States,"#SketchingLife, #UrbanArt, #DrawingSkills, #CreativeMinds, #ArtOnTheGo",Bringing urban scenes to life through sketching and drawing.,250k,320,4.5m,200k,10.5k,"Cityscape Sketching, Portrait Drawing Tips, Plein Air Sketching, Pen and Ink Techniques, Charcoal Drawing, Graffiti Art Inspirations, Sketchbook Ideas, Travel Sketching, Architectural Drawings, Figure Sketching","Sketching cityscapes, tips for drawing portraits, plein air sketching techniques, using pen and ink, creating with charcoal, inspirations from graffiti art, creative sketchbook concepts, sketching while traveling, drawing architectural structures, and figure sketching techniques."
GalleryGuru_703,user_1903,YouTube,Italy,"#ArtLovers, #GalleryVisits, #ArtHistory, #ContemporaryArtists, #Masterpieces",A journey through art history and contemporary galleries.,280k,370,5.0m,230k,12k,"Renaissance Art Tour, Modern Art Movements, Art Collector Insights, Emerging Artists to Watch, Famous Artworks Analysis, Virtual Gallery Tours, Art Investment Tips, Sculpture Art Explained, Art Restoration Processes, Famous Gallery Behind the Scenes","Exploring Renaissance art, overview of modern art movements, insights from art collectors, emerging artists in the contemporary scene, analyses of famous artworks, virtual tours of galleries, tips for art investment, understanding sculpture art, processes involved in art restoration, and behind-the-scenes looks at famous galleries."
ModernArtFan_704,user_1904,TikTok,Spain,"#ContemporaryArt, #ArtisticExpression, #GalleryLife, #ArtisticInnovation, #CreativeVision",Celebrating contemporary art and its diverse expressions.,240k,300,4.2m,190k,9.5k,"Experimental Art Techniques, Famous Contemporary Artists, Street Art Explorations, Digital Art Trends, Art Installation Reviews, Performance Art Insights, Mixed Media Art, Public Art Projects, Creative Art Collaborations, Art and Technology Fusion","Exploring experimental art techniques, profiling famous contemporary artists, delving into street art, trends in digital art, reviewing art installations, insights into performance art, the world of mixed media, public art initiatives, collaborations in the art world, and the fusion of art with technology."
ArtisticJourney_705,user_1905,YouTube,Germany,"#ArtExperience, #CreativeInspiration, #ArtisticProcess, #PaintingPassion, #ArtWorld",Guiding through the artistic process and sharing creative inspirations.,260k,340,4.6m,210k,11.5k,"Abstract Painting Explorations, Landscape Art Techniques, Portrait Art Workshop, Sculpting Basics, Watercolor Artistry, Oil Painting Tips, Ceramics and Pottery, Textile Art Forms, Printmaking Techniques, Digital Illustration","Diving into abstract painting, landscape art techniques, workshops on portrait art, basics of sculpting, mastering watercolor, tips for oil painting, exploring ceramics and pottery, the art of textiles, printmaking techniques, and creating digital illustrations."
CyberGuru_1002,user_11102,TikTok,India,"#Cybersecurity, #TechUpdates, #DigitalWorld, #ITExpert, #TechSolutions",Expert insights into cybersecurity and the latest IT solutions.,250k,420,5.4m,160k,6.8k,"Protecting Against Cyber Threats, Latest IT Innovations, Cloud Computing Explained, Data Privacy Tips, Network Security Best Practices, Mobile Security, Cryptography Basics, Tech Industry Analysis, Big Data Trends, IoT in Everyday Life","Strategies for cybersecurity, updates on IT innovations, understanding cloud computing, maintaining data privacy, best practices in network security, securing mobile devices, fundamentals of cryptography, analysis of tech industry trends, insights into big data, and the role of IoT in daily life."
DevTechie_1003,user_11103,YouTube,Germany,"#SoftwareDevelopment, #TechTalk, #ProgrammingLife, #InnovationHub, #DigitalSolutions",Focusing on software development and innovative digital solutions.,275k,450,5.6m,165k,6.9k,"Advanced Coding Techniques, Mobile App Development, Cloud Services Deep Dive, Machine Learning Applications, Front-End Development Trends, Back-End Architectures, DevOps Practices, UI/UX Design Principles, Tech Startup Strategies, Augmented Reality in Apps","Exploring advanced coding methodologies, creating mobile applications, in-depth look at cloud services, applying machine learning, trends in front-end development, architectures for back-end systems, implementing DevOps, principles of UI/UX design, strategies for tech startups, and the use of augmented reality in app development."
GadgetGeek_1004,user_11104,TikTok,South Korea,"#LatestGadgets, #TechReviews, #SmartTech, #GamingGear, #TechUnboxing",Reviewing the latest gadgets and tech gear with a focus on smart technology.,240k,400,5.2m,155k,6.7k,"Smartphone Review Roundup, Best Gaming Consoles, Smart Home Devices, Tech Unboxing Videos, Wearable Fitness Tech, Drone Technology, Virtual Reality Headsets, Portable Charging Solutions, High-Tech Cameras, Smartwatch Features","Comparative reviews of latest smartphones, overviews of gaming consoles, exploring smart home devices, unboxing new tech gadgets, wearable technology for fitness, advancements in drone tech, experiences with VR headsets, portable chargers for on-the-go, features of high-tech cameras, and functionalities of modern smartwatches."
AIInsider_1005,user_11105,YouTube,United States,"#ArtificialIntelligence, #MachineLearning, #AITrends, #TechFuturism, #SmartInnovations",Exploring the world of artificial intelligence and machine learning innovations.,260k,430,5.5m,160k,6.8k,"AI in Everyday Life, Machine Learning Projects, AI and Ethics, Data Science Explorations, Robotics in Industry, AI for Healthcare, Machine Learning Algorithms, AI in Education, Autonomous Vehicle Technology, AI-Powered Apps","Integrating AI into daily life, hands-on machine learning projects, ethical considerations in AI, data science applications, robotics and automation, AI's role in healthcare, overview of machine learning algorithms, AI's impact on education, development of autonomous vehicles, and apps powered by AI technology."
TechSolutions_1006,user_11106,TikTok,Canada,"#TechSupport, #DigitalSolutions, #TechHacks, #SoftwareTips, #TechTroubleshooting",Providing tech solutions and support for digital challenges.,230k,410,5.3m,158k,6.6k,"Troubleshooting Common Tech Issues, Software Installation Guide, Protecting Digital Privacy, Effective Antivirus Solutions, Optimizing Computer Performance, Cloud Storage Tips, Tech Setup for Remote Work, Smartphone Maintenance, Navigating Software Updates, Enhancing Wi-Fi Connectivity","Solving common technical problems, guides on software installation, protecting digital privacy, choosing effective antivirus, tips for computer optimization, using cloud storage effectively, setting up tech for remote work, maintaining smartphones, managing software updates, and improving Wi-Fi connectivity."
,,,,,,,,,,,,
,,,,,,,,,,,,
,,,,,,,,,,,,
,,,,,,,,,,,,
,,,,,,,,,,,,
,,,,,,,,,,,,
,,,,,,,,,,,,
,,,,,,,,,,,,
,,,,,,,,,,,,
,,,,,,,,,,,,
,,,,,,,,,,,,
,,,,,,,,,,,,
,,,,,,,,,,,,
,,,,,,,,,,,,
,,,,,,,,,,,,
,,,,,,,,,,,,
,,,,,,,,,,,,
,,,,,,,,,,,,
,,,,,,,,,,,,
,,,,,,,,,,,,
,,,,,,,,,,,,
,,,,,,,,,,,,
,,,,,,,,,,,,
,,,,,,,,,,,,
,,,,,,,,,,,,
,,,,,,,,,,,,
,,,,,,,,,,,,
,,,,,,,,,,,,
,,,,,,,,,,,,
,,,,,,,,,,,,
,,,,,,,,,,,,
,,,,,,,,,,,,
,,,,,,,,,,,,
,,,,,,,,,,,,
,,,,,,,,,,,,
,,,,,,,,,,,,
,,,,,,,,,,,,
,,,,,,,,,,,,
,,,,,,,,,,,,
,,,,,,,,,,,,
,,,,,,,,,,,,
,,,,,,,,,,,,
,,,,,,,,,,,,
,,,,,,,,,,,,
,,,,,,,,,,,,
,,,,,,,,,,,,
,,,,,,,,,,,,
,,,,,,,,,,,,
,,,,,,,,,,,,
,,,,,,,,,,,,
,,,,,,,,,,,,
,,,,,,,,,,,,
,,,,,,,,,,,,
,,,,,,,,,,,,
,,,,,,,,,,,,
,,,,,,,,,,,,
,,,,,,,,,,,,
,,,,,,,,,,,,
,,,,,,,,,,,,
,,,,,,,,,,,,
,,,,,,,,,,,,
,,,,,,,,,,,,
,,,,,,,,,,,,
,,,,,,,,,,,,
,,,,,,,,,,,,
,,,,,,,,,,,,
,,,,,,,,,,,,
,,,,,,,,,,,,
,,,,,,,,,,,,
,,,,,,,,,,,,
,,,,,,,,,,,,
,,,,,,,,,,,,
,,,,,,,,,,,,
,,,,,,,,,,,,
,,,,,,,,,,,,
,,,,,,,,,,,,
,,,,,,,,,,,,
,,,,,,,,,,,,
,,,,,,,,,,,,
,,,,,,,,,,,,
,,,,,,,,,,,,
,,,,,,,,,,,,
,,,,,,,,,,,,
,,,,,,,,,,,,
,,,,,,,,,,,,
,,,,,,,,,,,,
,,,,,,,,,,,,
,,,,,,,,,,,,
,,,,,,,,,,,,
,,,,,,,,,,,,
,,,,,,,,,,,,
,,,,,,,,,,,,
,,,,,,,,,,,,
,,,,,,,,,,,,
,,,,,,,,,,,,
,,,,,,,,,,,,
,,,,,,,,,,,,
,,,,,,,,,,,,
,,,,,,,,,,,,
,,,,,,,,,,,,
,,,,,,,,,,,,
,,,,,,,,,,,,
,,,,,,,,,,,,
,,,,,,,,,,,,
,,,,,,,,,,,,
,,,,,,,,,,,,
,,,,,,,,,,,,
,,,,,,,,,,,,
,,,,,,,,,,,,
,,,,,,,,,,,,
,,,,,,,,,,,,
,,,,,,,,,,,,
,,,,,,,,,,,,
,,,,,,,,,,,,
,,,,,,,,,,,,
,,,,,,,,,,,,
,,,,,,,,,,,,
,,,,,,,,,,,,
,,,,,,,,,,,,
,,,,,,,,,,,,
,,,,,,,,,,,,
,,,,,,,,,,,,
,,,,,,,,,,,,
,,,,,,,,,,,,
,,,,,,,,,,,,
,,,,,,,,,,,,
,,,,,,,,,,,,
,,,,,,,,,,,,
,,,,,,,,,,,,
,,,,,,,,,,,,
,,,,,,,,,,,,
,,,,,,,,,,,,
,,,,,,,,,,,,
,,,,,,,,,,,,
,,,,,,,,,,,,
,,,,,,,,,,,,
,,,,,,,,,,,,
,,,,,,,,,,,,
,,,,,,,,,,,,
,,,,,,,,,,,,
,,,,,,,,,,,,
,,,,,,,,,,,,
,,,,,,,,,,,,
,,,,,,,,,,,,
,,,,,,,,,,,,
,,,,,,,,,,,,
,,,,,,,,,,,,
,,,,,,,,,,,,
,,,,,,,,,,,,
,,,,,,,,,,,,
,,,,,,,,,,,,
,,,,,,,,,,,,
,,,,,,,,,,,,
,,,,,,,,,,,,
,,,,,,,,,,,,
,,,,,,,,,,,,
,,,,,,,,,,,,
,,,,,,,,,,,,
,,,,,,,,,,,,
,,,,,,,,,,,,
,,,,,,,,,,,,
,,,,,,,,,,,,
,,,,,,,,,,,,
,,,,,,,,,,,,
,,,,,,,,,,,,
,,,,,,,,,,,,
,,,,,,,,,,,,
,,,,,,,,,,,,
,,,,,,,,,,,,
,,,,,,,,,,,,
,,,,,,,,,,,,
,,,,,,,,,,,,
,,,,,,,,,,,,
,,,,,,,,,,,,
,,,,,,,,,,,,
,,,,,,,,,,,,
,,,,,,,,,,,,
,,,,,,,,,,,,
,,,,,,,,,,,,
,,,,,,,,,,,,
,,,,,,,,,,,,
,,,,,,,,,,,,
,,,,,,,,,,,,
,,,,,,,,,,,,
,,,,,,,,,,,,
,,,,,,,,,,,,
,,,,,,,,,,,,
,,,,,,,,,,,,
,,,,,,,,,,,,
,,,,,,,,,,,,
,,,,,,,,,,,,
,,,,,,,,,,,,
,,,,,,,,,,,,
,,,,,,,,,,,,
,,,,,,,,,,,,
,,,,,,,,,,,,
,,,,,,,,,,,,
,,,,,,,,,,,,
,,,,,,,,,,,,
,,,,,,,,,,,,
,,,,,,,,,,,,
,,,,,,,,,,,,
,,,,,,,,,,,,
,,,,,,,,,,,,
,,,,,,,,,,,,
,,,,,,,,,,,,
,,,,,,,,,,,,
,,,,,,,,,,,,
,,,,,,,,,,,,
,,,,,,,,,,,,
,,,,,,,,,,,,
,,,,,,,,,,,,
,,,,,,,,,,,,
,,,,,,,,,,,,
,,,,,,,,,,,,
,,,,,,,,,,,,
,,,,,,,,,,,,
,,,,,,,,,,,,
,,,,,,,,,,,,
,,,,,,,,,,,,
,,,,,,,,,,,,
,,,,,,,,,,,,
,,,,,,,,,,,,
,,,,,,,,,,,,
,,,,,,,,,,,,
,,,,,,,,,,,,
,,,,,,,,,,,,
,,,,,,,,,,,,
,,,,,,,,,,,,
,,,,,,,,,,,,
,,,,,,,,,,,,
,,,,,,,,,,,,
,,,,,,,,,,,,
,,,,,,,,,,,,
,,,,,,,,,,,,
,,,,,,,,,,,,
,,,,,,,,,,,,
,,,,,,,,,,,,
,,,,,,,,,,,,
,,,,,,,,,,,,
,,,,,,,,,,,,
,,,,,,,,,,,,
,,,,,,,,,,,,
,,,,,,,,,,,,
,,,,,,,,,,,,
,,,,,,,,,,,,
,,,,,,,,,,,,
,,,,,,,,,,,,
,,,,,,,,,,,,
,,,,,,,,,,,,
,,,,,,,,,,,,
,,,,,,,,,,,,
,,,,,,,,,,,,
,,,,,,,,,,,,
,,,,,,,,,,,,
,,,,,,,,,,,,
,,,,,,,,,,,,
,,,,,,,,,,,,
,,,,,,,,,,,,
,,,,,,,,,,,,
,,,,,,,,,,,,
,,,,,,,,,,,,
,,,,,,,,,,,,
,,,,,,,,,,,,
,,,,,,,,,,,,
,,,,,,,,,,,,
,,,,,,,,,,,,
,,,,,,,,,,,,
,,,,,,,,,,,,
,,,,,,,,,,,,
,,,,,,,,,,,,
,,,,,,,,,,,,
,,,,,,,,,,,,
,,,,,,,,,,,,
,,,,,,,,,,,,
,,,,,,,,,,,,
,,,,,,,,,,,,
,,,,,,,,,,,,
,,,,,,,,,,,,
,,,,,,,,,,,,
,,,,,,,,,,,,
,,,,,,,,,,,,
,,,,,,,,,,,,
,,,,,,,,,,,,
,,,,,,,,,,,,
,,,,,,,,,,,,
,,,,,,,,,,,,
,,,,,,,,,,,,
,,,,,,,,,,,,
,,,,,,,,,,,,
,,,,,,,,,,,,
,,,,,,,,,,,,
,,,,,,,,,,,,
,,,,,,,,,,,,
,,,,,,,,,,,,
,,,,,,,,,,,,
,,,,,,,,,,,,
,,,,,,,,,,,,
,,,,,,,,,,,,
,,,,,,,,,,,,
,,,,,,,,,,,,
,,,,,,,,,,,,
,,,,,,,,,,,,
,,,,,,,,,,,,
,,,,,,,,,,,,
,,,,,,,,,,,,
,,,,,,,,,,,,
,,,,,,,,,,,,
,,,,,,,,,,,,
,,,,,,,,,,,,
,,,,,,,,,,,,
,,,,,,,,,,,,
,,,,,,,,,,,,
,,,,,,,,,,,,
,,,,,,,,,,,,
,,,,,,,,,,,,
,,,,,,,,,,,,
,,,,,,,,,,,,
,,,,,,,,,,,,
,,,,,,,,,,,,
,,,,,,,,,,,,
,,,,,,,,,,,,
,,,,,,,,,,,,
,,,,,,,,,,,,
,,,,,,,,,,,,
,,,,,,,,,,,,
,,,,,,,,,,,,
,,,,,,,,,,,,
,,,,,,,,,,,,
,,,,,,,,,,,,
,,,,,,,,,,,,
,,,,,,,,,,,,
,,,,,,,,,,,,
,,,,,,,,,,,,
,,,,,,,,,,,,
,,,,,,,,,,,,
,,,,,,,,,,,,
,,,,,,,,,,,,
,,,,,,,,,,,,
,,,,,,,,,,,,
,,,,,,,,,,,,
,,,,,,,,,,,,
,,,,,,,,,,,,
,,,,,,,,,,,,
,,,,,,,,,,,,
,,,,,,,,,,,,
,,,,,,,,,,,,
,,,,,,,,,,,,
,,,,,,,,,,,,
,,,,,,,,,,,,
,,,,,,,,,,,,
,,,,,,,,,,,,
,,,,,,,,,,,,
,,,,,,,,,,,,
,,,,,,,,,,,,
,,,,,,,,,,,,
,,,,,,,,,,,,
,,,,,,,,,,,,
,,,,,,,,,,,,
,,,,,,,,,,,,
,,,,,,,,,,,,
,,,,,,,,,,,,
,,,,,,,,,,,,
,,,,,,,,,,,,
,,,,,,,,,,,,
,,,,,,,,,,,,
,,,,,,,,,,,,
,,,,,,,,,,,,
,,,,,,,,,,,,
,,,,,,,,,,,,
,,,,,,,,,,,,
,,,,,,,,,,,,
,,,,,,,,,,,,
,,,,,,,,,,,,
,,,,,,,,,,,,
,,,,,,,,,,,,
,,,,,,,,,,,,
,,,,,,,,,,,,
,,,,,,,,,,,,
,,,,,,,,,,,,
,,,,,,,,,,,,
,,,,,,,,,,,,
,,,,,,,,,,,,
,,,,,,,,,,,,
,,,,,,,,,,,,
,,,,,,,,,,,,
,,,,,,,,,,,,
,,,,,,,,,,,,
,,,,,,,,,,,,
,,,,,,,,,,,,
,,,,,,,,,,,,
,,,,,,,,,,,,
,,,,,,,,,,,,
,,,,,,,,,,,,
,,,,,,,,,,,,
,,,,,,,,,,,,
,,,,,,,,,,,,
,,,,,,,,,,,,
,,,,,,,,,,,,
,,,,,,,,,,,,
,,,,,,,,,,,,
,,,,,,,,,,,,
,,,,,,,,,,,,
,,,,,,,,,,,,
,,,,,,,,,,,,
,,,,,,,,,,,,
,,,,,,,,,,,,
,,,,,,,,,,,,
,,,,,,,,,,,,
,,,,,,,,,,,,
,,,,,,,,,,,,
,,,,,,,,,,,,
,,,,,,,,,,,,
,,,,,,,,,,,,
,,,,,,,,,,,,
,,,,,,,,,,,,
,,,,,,,,,,,,
,,,,,,,,,,,,
,,,,,,,,,,,,
,,,,,,,,,,,,
,,,,,,,,,,,,
,,,,,,,,,,,,
,,,,,,,,,,,,
,,,,,,,,,,,,
,,,,,,,,,,,,
,,,,,,,,,,,,
,,,,,,,,,,,,
,,,,,,,,,,,,
,,,,,,,,,,,,
,,,,,,,,,,,,
,,,,,,,,,,,,
,,,,,,,,,,,,
,,,,,,,,,,,,
,,,,,,,,,,,,
,,,,,,,,,,,,
,,,,,,,,,,,,
,,,,,,,,,,,,
,,,,,,,,,,,,
,,,,,,,,,,,,
,,,,,,,,,,,,
,,,,,,,,,,,,
,,,,,,,,,,,,
,,,,,,,,,,,,
,,,,,,,,,,,,
,,,,,,,,,,,,
,,,,,,,,,,,,
,,,,,,,,,,,,
,,,,,,,,,,,,
,,,,,,,,,,,,
,,,,,,,,,,,,
,,,,,,,,,,,,
,,,,,,,,,,,,
,,,,,,,,,,,,
,,,,,,,,,,,,
,,,,,,,,,,,,
,,,,,,,,,,,,
,,,,,,,,,,,,
,,,,,,,,,,,,
,,,,,,,,,,,,
,,,,,,,,,,,,
,,,,,,,,,,,,
,,,,,,,,,,,,
,,,,,,,,,,,,
,,,,,,,,,,,,
,,,,,,,,,,,,
,,,,,,,,,,,,
,,,,,,,,,,,,
,,,,,,,,,,,,
,,,,,,,,,,,,
,,,,,,,,,,,,
,,,,,,,,,,,,
,,,,,,,,,,,,
,,,,,,,,,,,,
,,,,,,,,,,,,
,,,,,,,,,,,,
,,,,,,,,,,,,
,,,,,,,,,,,,
,,,,,,,,,,,,
,,,,,,,,,,,,
,,,,,,,,,,,,
,,,,,,,,,,,,
,,,,,,,,,,,,
,,,,,,,,,,,,
,,,,,,,,,,,,
,,,,,,,,,,,,
,,,,,,,,,,,,
,,,,,,,,,,,,
,,,,,,,,,,,,
,,,,,,,,,,,,
,,,,,,,,,,,,
,,,,,,,,,,,,
,,,,,,,,,,,,
,,,,,,,,,,,,
,,,,,,,,,,,,
,,,,,,,,,,,,
,,,,,,,,,,,,
,,,,,,,,,,,,
,,,,,,,,,,,,
,,,,,,,,,,,,
,,,,,,,,,,,,
,,,,,,,,,,,,
,,,,,,,,,,,,
,,,,,,,,,,,,
,,,,,,,,,,,,
,,,,,,,,,,,,
,,,,,,,,,,,,
,,,,,,,,,,,,
,,,,,,,,,,,,
,,,,,,,,,,,,
,,,,,,,,,,,,
,,,,,,,,,,,,
,,,,,,,,,,,,
,,,,,,,,,,,,
,,,,,,,,,,,,
,,,,,,,,,,,,
,,,,,,,,,,,,
,,,,,,,,,,,,
,,,,,,,,,,,,
,,,,,,,,,,,,
,,,,,,,,,,,,
,,,,,,,,,,,,
,,,,,,,,,,,,
,,,,,,,,,,,,
,,,,,,,,,,,,
,,,,,,,,,,,,
,,,,,,,,,,,,
,,,,,,,,,,,,
,,,,,,,,,,,,
,,,,,,,,,,,,
,,,,,,,,,,,,
,,,,,,,,,,,,
,,,,,,,,,,,,
,,,,,,,,,,,,
,,,,,,,,,,,,
,,,,,,,,,,,,
,,,,,,,,,,,,
,,,,,,,,,,,,
,,,,,,,,,,,,
,,,,,,,,,,,,
,,,,,,,,,,,,
,,,,,,,,,,,,
,,,,,,,,,,,,
,,,,,,,,,,,,
,,,,,,,,,,,,
,,,,,,,,,,,,
,,,,,,,,,,,,
,,,,,,,,,,,,
,,,,,,,,,,,,
,,,,,,,,,,,,
,,,,,,,,,,,,
,,,,,,,,,,,,
,,,,,,,,,,,,
,,,,,,,,,,,,
,,,,,,,,,,,,
,,,,,,,,,,,,
,,,,,,,,,,,,
,,,,,,,,,,,,
,,,,,,,,,,,,
,,,,,,,,,,,,
,,,,,,,,,,,,
,,,,,,,,,,,,
,,,,,,,,,,,,
,,,,,,,,,,,,
,,,,,,,,,,,,
,,,,,,,,,,,,
,,,,,,,,,,,,
,,,,,,,,,,,,
,,,,,,,,,,,,
,,,,,,,,,,,,
,,,,,,,,,,,,
,,,,,,,,,,,,
,,,,,,,,,,,,
,,,,,,,,,,,,
,,,,,,,,,,,,
,,,,,,,,,,,,
,,,,,,,,,,,,
,,,,,,,,,,,,
,,,,,,,,,,,,
,,,,,,,,,,,,
,,,,,,,,,,,,
,,,,,,,,,,,,
,,,,,,,,,,,,
,,,,,,,,,,,,
,,,,,,,,,,,,
,,,,,,,,,,,,
,,,,,,,,,,,,
,,,,,,,,,,,,
,,,,,,,,,,,,
,,,,,,,,,,,,
,,,,,,,,,,,,
,,,,,,,,,,,,
,,,,,,,,,,,,
,,,,,,,,,,,,
,,,,,,,,,,,,
,,,,,,,,,,,,
,,,,,,,,,,,,
,,,,,,,,,,,,
,,,,,,,,,,,,
,,,,,,,,,,,,
,,,,,,,,,,,,
,,,,,,,,,,,,
,,,,,,,,,,,,
,,,,,,,,,,,,
,,,,,,,,,,,,
,,,,,,,,,,,,
,,,,,,,,,,,,
,,,,,,,,,,,,
,,,,,,,,,,,,
,,,,,,,,,,,,
,,,,,,,,,,,,
,,,,,,,,,,,,
,,,,,,,,,,,,
,,,,,,,,,,,,
,,,,,,,,,,,,
,,,,,,,,,,,,
,,,,,,,,,,,,
,,,,,,,,,,,,
,,,,,,,,,,,,
,,,,,,,,,,,,
,,,,,,,,,,,,
,,,,,,,,,,,,
,,,,,,,,,,,,
,,,,,,,,,,,,
,,,,,,,,,,,,
,,,,,,,,,,,,
,,,,,,,,,,,,
,,,,,,,,,,,,
,,,,,,,,,,,,
,,,,,,,,,,,,
,,,,,,,,,,,,
,,,,,,,,,,,,
,,,,,,,,,,,,
,,,,,,,,,,,,
,,,,,,,,,,,,
,,,,,,,,,,,,
,,,,,,,,,,,,
,,,,,,,,,,,,
,,,,,,,,,,,,
,,,,,,,,,,,,
,,,,,,,,,,,,
,,,,,,,,,,,,
,,,,,,,,,,,,
,,,,,,,,,,,,
,,,,,,,,,,,,
,,,,,,,,,,,,
,,,,,,,,,,,,
,,,,,,,,,,,,
,,,,,,,,,,,,
,,,,,,,,,,,,
,,,,,,,,,,,,
,,,,,,,,,,,,
,,,,,,,,,,,,
,,,,,,,,,,,,
,,,,,,,,,,,,
,,,,,,,,,,,,
,,,,,,,,,,,,
,,,,,,,,,,,,
,,,,,,,,,,,,
,,,,,,,,,,,,
,,,,,,,,,,,,
,,,,,,,,,,,,
,,,,,,,,,,,,
,,,,,,,,,,,,
,,,,,,,,,,,,
,,,,,,,,,,,,
,,,,,,,,,,,,
,,,,,,,,,,,,
,,,,,,,,,,,,
,,,,,,,,,,,,
,,,,,,,,,,,,
,,,,,,,,,,,,
,,,,,,,,,,,,
,,,,,,,,,,,,
,,,,,,,,,,,,
,,,,,,,,,,,,
,,,,,,,,,,,,
,,,,,,,,,,,,
,,,,,,,,,,,,
,,,,,,,,,,,,
,,,,,,,,,,,,
,,,,,,,,,,,,
,,,,,,,,,,,,
,,,,,,,,,,,,
,,,,,,,,,,,,
,,,,,,,,,,,,
,,,,,,,,,,,,
,,,,,,,,,,,,
,,,,,,,,,,,,
,,,,,,,,,,,,
,,,,,,,,,,,,
,,,,,,,,,,,,
,,,,,,,,,,,,
,,,,,,,,,,,,
,,,,,,,,,,,,
,,,,,,,,,,,,
,,,,,,,,,,,,
,,,,,,,,,,,,
,,,,,,,,,,,,
,,,,,,,,,,,,
,,,,,,,,,,,,
,,,,,,,,,,,,
,,,,,,,,,,,,
,,,,,,,,,,,,
,,,,,,,,,,,,
,,,,,,,,,,,,
,,,,,,,,,,,,
,,,,,,,,,,,,
,,,,,,,,,,,,
,,,,,,,,,,,,
,,,,,,,,,,,,
,,,,,,,,,,,,
,,,,,,,,,,,,
,,,,,,,,,,,,
,,,,,,,,,,,,
,,,,,,,,,,,,
,,,,,,,,,,,,
,,,,,,,,,,,,
,,,,,,,,,,,,
,,,,,,,,,,,,
,,,,,,,,,,,,
,,,,,,,,,,,,
,,,,,,,,,,,,
,,,,,,,,,,,,
,,,,,,,,,,,,
,,,,,,,,,,,,
,,,,,,,,,,,,
,,,,,,,,,,,,
,,,,,,,,,,,,
,,,,,,,,,,,,
,,,,,,,,,,,,
,,,,,,,,,,,,
,,,,,,,,,,,,
,,,,,,,,,,,,
,,,,,,,,,,,,
,,,,,,,,,,,,
,,,,,,,,,,,,
,,,,,,,,,,,,
,,,,,,,,,,,,
,,,,,,,,,,,,
,,,,,,,,,,,,
,,,,,,,,,,,,
,,,,,,,,,,,,
,,,,,,,,,,,,
,,,,,,,,,,,,
,,,,,,,,,,,,
,,,,,,,,,,,,
,,,,,,,,,,,,
,,,,,,,,,,,,
,,,,,,,,,,,,
,,,,,,,,,,,,
,,,,,,,,,,,,
,,,,,,,,,,,,
,,,,,,,,,,,,
,,,,,,,,,,,,
,,,,,,,,,,,,
,,,,,,,,,,,,
,,,,,,,,,,,,
,,,,,,,,,,,,
,,,,,,,,,,,,
,,,,,,,,,,,,
,,,,,,,,,,,,
,,,,,,,,,,,,
,,,,,,,,,,,,
,,,,,,,,,,,,
,,,,,,,,,,,,
,,,,,,,,,,,,
,,,,,,,,,,,,
,,,,,,,,,,,,
,,,,,,,,,,,,
,,,,,,,,,,,,
,,,,,,,,,,,,
,,,,,,,,,,,,
,,,,,,,,,,,,
,,,,,,,,,,,,
,,,,,,,,,,,,
,,,,,,,,,,,,
,,,,,,,,,,,,
,,,,,,,,,,,,
,,,,,,,,,,,,
,,,,,,,,,,,,
,,,,,,,,,,,,
,,,,,,,,,,,,
,,,,,,,,,,,,
,,,,,,,,,,,,
,,,,,,,,,,,,
,,,,,,,,,,,,
,,,,,,,,,,,,
,,,,,,,,,,,,
,,,,,,,,,,,,
,,,,,,,,,,,,
,,,,,,,,,,,,
,,,,,,,,,,,,
,,,,,,,,,,,,
,,,,,,,,,,,,
,,,,,,,,,,,,
,,,,,,,,,,,,
,,,,,,,,,,,,
,,,,,,,,,,,,
,,,,,,,,,,,,
,,,,,,,,,,,,
,,,,,,,,,,,,
,,,,,,,,,,,,
,,,,,,,,,,,,
,,,,,,,,,,,,
,,,,,,,,,,,,
,,,,,,,,,,,,
,,,,,,,,,,,,
,,,,,,,,,,,,
,,,,,,,,,,,,
,,,,,,,,,,,,
,,,,,,,,,,,,
,,,,,,,,,,,,
,,,,,,,,,,,,
,,,,,,,,,,,,
,,,,,,,,,,,,
,,,,,,,,,,,,
,,,,,,,,,,,,
,,,,,,,,,,,,
,,,,,,,,,,,,
,,,,,,,,,,,,
,,,,,,,,,,,,
,,,,,,,,,,,,
,,,,,,,,,,,,
,,,,,,,,,,,,
,,,,,,,,,,,,
,,,,,,,,,,,,
,,,,,,,,,,,,
,,,,,,,,,,,,
,,,,,,,,,,,,
,,,,,,,,,,,,
,,,,,,,,,,,,
,,,,,,,,,,,,
,,,,,,,,,,,,
,,,,,,,,,,,,
,,,,,,,,,,,,
,,,,,,,,,,,,
,,,,,,,,,,,,
,,,,,,,,,,,,
,,,,,,,,,,,,
,,,,,,,,,,,,
,,,,,,,,,,,,
,,,,,,,,,,,,
,,,,,,,,,,,,
,,,,,,,,,,,,
,,,,,,,,,,,,
,,,,,,,,,,,,
,,,,,,,,,,,,
,,,,,,,,,,,,
,,,,,,,,,,,,
,,,,,,,,,,,,
,,,,,,,,,,,,
,,,,,,,,,,,,
,,,,,,,,,,,,
,,,,,,,,,,,,
,,,,,,,,,,,,
,,,,,,,,,,,,
,,,,,,,,,,,,
,,,,,,,,,,,,
,,,,,,,,,,,,
,,,,,,,,,,,,
,,,,,,,,,,,,
,,,,,,,,,,,,
,,,,,,,,,,,,
,,,,,,,,,,,,
,,,,,,,,,,,,
,,,,,,,,,,,,
,,,,,,,,,,,,
,,,,,,,,,,,,
,,,,,,,,,,,,
,,,,,,,,,,,,
,,,,,,,,,,,,
,,,,,,,,,,,,
,,,,,,,,,,,,
,,,,,,,,,,,,
,,,,,,,,,,,,
,,,,,,,,,,,,
,,,,,,,,,,,,
,,,,,,,,,,,,
,,,,,,,,,,,,
,,,,,,,,,,,,
,,,,,,,,,,,,
,,,,,,,,,,,,
,,,,,,,,,,,,
,,,,,,,,,,,,
,,,,,,,,,,,,
,,,,,,,,,,,,
,,,,,,,,,,,,
,,,,,,,,,,,,
,,,,,,,,,,,,
,,,,,,,,,,,,
,,,,,,,,,,,,
,,,,,,,,,,,,
,,,,,,,,,,,,
,,,,,,,,,,,,
,,,,,,,,,,,,
,,,,,,,,,,,,
,,,,,,,,,,,,
,,,,,,,,,,,,
,,,,,,,,,,,,
,,,,,,,,,,,,
,,,,,,,,,,,,
,,,,,,,,,,,,
,,,,,,,,,,,,
,,,,,,,,,,,,
,,,,,,,,,,,,
,,,,,,,,,,,,
,,,,,,,,,,,,
,,,,,,,,,,,,
,,,,,,,,,,,,
,,,,,,,,,,,,
,,,,,,,,,,,,
,,,,,,,,,,,,
,,,,,,,,,,,,
,,,,,,,,,,,,
,,,,,,,,,,,,
,,,,,,,,,,,,
,,,,,,,,,,,,
,,,,,,,,,,,,
,,,,,,,,,,,,
,,,,,,,,,,,,
,,,,,,,,,,,,
